Date,Site,Fraction,species,Count,total Sample Count,abundance,m^3 filtered  ,Notes,Notes:General for entire sample,salinity,temperature,lon,wrong,lat,day
17/02/2025,1,4,Oikopleura sp. ,134,536,68.19,7.86,,,32.69,18.11,148.06135,42.577353,-42.577353,1
17/02/2025,1,4,Chaetognath,10,40,5.09,,,,32.69,18.11,148.06135,42.577353,-42.577353,1
17/02/2025,1,4,Evadne sp. ,8,32,4.07,,,,32.69,18.11,148.06135,42.577353,-42.577353,1
17/02/2025,1,4,Penilia sp.,37,148,18.83,,,,32.69,18.11,148.06135,42.577353,-42.577353,1
17/02/2025,1,4,Podon sp.,7,28,3.56,,,,32.69,18.11,148.06135,42.577353,-42.577353,1
17/02/2025,1,4,Cnidaria ,1,4,0.51,,Obelia ,,32.69,18.11,148.06135,42.577353,-42.577353,1
17/02/2025,1,4,Oithona sp.,27,108,13.74,,,,32.69,18.11,148.06135,42.577353,-42.577353,1
17/02/2025,1,4,Calanoida ,625,2500,318.07,,,,32.69,18.11,148.06135,42.577353,-42.577353,1
17/02/2025,1,4,Cyclopodia ,2,8,1.02,,,,32.69,18.11,148.06135,42.577353,-42.577353,1
17/02/2025,1,4,Harpacticoida sp. ,27,108,13.74,,,,32.69,18.11,148.06135,42.577353,-42.577353,1
17/02/2025,1,4,Doliolid ,9,36,4.58,,,,32.69,18.11,148.06135,42.577353,-42.577353,1
17/02/2025,1,4,Fish eggs,31,124,15.78,,,,32.69,18.11,148.06135,42.577353,-42.577353,1
17/02/2025,1,4,Gastropoda ,9,36,4.58,,,,32.69,18.11,148.06135,42.577353,-42.577353,1
17/02/2025,1,4,Gastropoda ,1,4,0.51,,larvae,,32.69,18.11,148.06135,42.577353,-42.577353,1
17/02/2025,1,4,Noctiluca,1577,6308,802.54,,,,32.69,18.11,148.06135,42.577353,-42.577353,1
17/02/2025,1,4,Ostracoda ,1,4,0.51,,,,32.69,18.11,148.06135,42.577353,-42.577353,1
17/02/2025,1,4,Other ,157,628,79.9,,"radiolaria, phytoplankton ",,32.69,18.11,148.06135,42.577353,-42.577353,1
17/02/2025,1,4,Unknown,3,12,1.53,,"counted for this sample but not for any others, polychatea ? ",,32.69,18.11,148.06135,42.577353,-42.577353,1
17/02/2025,2,8,Amphipoda ,1,8,0.59,13.56,,"phytoplankton, clumps present",35.45,18.16,148.06965,42.551363,-42.551363,1
17/02/2025,2,8,Oikopleura sp. ,17,136,10.03,,,,35.45,18.16,148.06965,42.551363,-42.551363,1
17/02/2025,2,8,Larvae,1,8,0.59,,bryozoan ,,35.45,18.16,148.06965,42.551363,-42.551363,1
17/02/2025,2,8,Unknown,1,8,0.59,,cladocera ,,35.45,18.16,148.06965,42.551363,-42.551363,1
17/02/2025,2,8,Evadne sp. ,1,8,0.59,,,,35.45,18.16,148.06965,42.551363,-42.551363,1
17/02/2025,2,8,Penilia sp.,24,192,14.16,,,,35.45,18.16,148.06965,42.551363,-42.551363,1
17/02/2025,2,8,Podon sp.,3,24,1.77,,some very squished,,35.45,18.16,148.06965,42.551363,-42.551363,1
17/02/2025,2,8,Cnidaria ,1,8,0.59,,,,35.45,18.16,148.06965,42.551363,-42.551363,1
17/02/2025,2,8,Calanoida ,176,1408,103.83,,,,35.45,18.16,148.06965,42.551363,-42.551363,1
17/02/2025,2,8,Oithona sp.,4,32,2.36,,just antennae 1,,35.45,18.16,148.06965,42.551363,-42.551363,1
17/02/2025,2,8,Nauplii ,2,16,1.18,,crustacean,,35.45,18.16,148.06965,42.551363,-42.551363,1
17/02/2025,2,8,Doliolid ,3,24,1.77,,,,35.45,18.16,148.06965,42.551363,-42.551363,1
17/02/2025,2,8,Fish eggs,20,160,11.8,,,,35.45,18.16,148.06965,42.551363,-42.551363,1
17/02/2025,2,8,Gastropoda ,8,64,4.72,,,,35.45,18.16,148.06965,42.551363,-42.551363,1
17/02/2025,2,8,Noctiluca,1218,9744,718.58,,,,35.45,18.16,148.06965,42.551363,-42.551363,1
17/02/2025,2,8,Other ,12,96,7.08,,polychaeta ,,35.45,18.16,148.06965,42.551363,-42.551363,1
17/02/2025,2,8,Larvae,18,144,10.62,,polychaete ,,35.45,18.16,148.06965,42.551363,-42.551363,1
17/02/2025,2,8,Other ,87,696,51.33,,"radiolaria, phytoplankton ",,35.45,18.16,148.06965,42.551363,-42.551363,1
17/02/2025,3,16,Amphipoda ,1,16,1.17,13.7,,,35.44,17.91,148.07513,42.56183,-42.56183,1
17/02/2025,3,16,Oikopleura sp. ,8,128,9.34,,,,35.44,17.91,148.07513,42.56183,-42.56183,1
17/02/2025,3,16,Chaetognath,1,16,1.17,,,,35.44,17.91,148.07513,42.56183,-42.56183,1
17/02/2025,3,16,Evadne sp. ,102,1632,119.12,,,,35.44,17.91,148.07513,42.56183,-42.56183,1
17/02/2025,3,16,Penilia sp.,24,384,28.03,,,,35.44,17.91,148.07513,42.56183,-42.56183,1
17/02/2025,3,16,Podon sp.,3,48,3.5,,,,35.44,17.91,148.07513,42.56183,-42.56183,1
17/02/2025,3,16,Calanoida ,79,1264,92.26,,,,35.44,17.91,148.07513,42.56183,-42.56183,1
17/02/2025,3,16,Oithona sp.,5,80,5.84,,,,35.44,17.91,148.07513,42.56183,-42.56183,1
17/02/2025,3,16,Oncaea sp. ,5,80,5.84,,,,35.44,17.91,148.07513,42.56183,-42.56183,1
17/02/2025,3,16,Harpacticoida sp. ,23,368,26.86,,,,35.44,17.91,148.07513,42.56183,-42.56183,1
17/02/2025,3,16,Nauplii ,1,16,1.17,,crustacean,,35.44,17.91,148.07513,42.56183,-42.56183,1
17/02/2025,3,16,Unknown,1,16,1.17,,"ctenophora , gelatinous , comb jelly? ",,35.44,17.91,148.07513,42.56183,-42.56183,1
17/02/2025,3,16,Larvae,1,16,1.17,,decapoda zoea ,,35.44,17.91,148.07513,42.56183,-42.56183,1
17/02/2025,3,16,Doliolid ,6,96,7.01,,,,35.44,17.91,148.07513,42.56183,-42.56183,1
17/02/2025,3,16,Fish eggs,20,320,23.36,,,,35.44,17.91,148.07513,42.56183,-42.56183,1
17/02/2025,3,16,Noctiluca,3933,62928,4593.28,,,,35.44,17.91,148.07513,42.56183,-42.56183,1
17/02/2025,3,16,Other ,9,144,10.51,,polychaeta ,,35.44,17.91,148.07513,42.56183,-42.56183,1
17/02/2025,3,16,Other ,11,176,12.85,,"radiolaria, phytoplankton ",,35.44,17.91,148.07513,42.56183,-42.56183,1
17/02/2025,3,16,Unknown,1,16,1.17,,gelatinous ,,35.44,17.91,148.07513,42.56183,-42.56183,1
17/02/2025,4,8,Unknown ,1,8,1.08,7.41,yellow fluff ,,35.44,18.07,149.07632,42.56943,-42.56943,1
17/02/2025,4,8,Larvae,3,24,3.24,,"in sheet as cirripedia (?), starfish ",,35.44,18.07,149.07632,42.56943,-42.56943,1
17/02/2025,4,8,Other ,3,24,3.24,,"radiolaria, phytoplankton ",,35.44,18.07,149.07632,42.56943,-42.56943,1
17/02/2025,4,8,Other ,3,24,3.24,,polychaeta ,,35.44,18.07,149.07632,42.56943,-42.56943,1
17/02/2025,4,8,Ostracoda ,1,8,1.08,,,,35.44,18.07,149.07632,42.56943,-42.56943,1
17/02/2025,4,8,Larvae,5,40,5.4,,ophiuroidea,,35.44,18.07,149.07632,42.56943,-42.56943,1
17/02/2025,4,8,Noctiluca,1397,11176,1508.23,,,,35.44,18.07,149.07632,42.56943,-42.56943,1
17/02/2025,4,8,Other ,3,24,3.24,,isopoda ,,35.44,18.07,149.07632,42.56943,-42.56943,1
17/02/2025,4,8,Gastropoda ,2,16,2.16,,,,35.44,18.07,149.07632,42.56943,-42.56943,1
17/02/2025,4,8,Larvae,13,104,14.04,,fish ,,35.44,18.07,149.07632,42.56943,-42.56943,1
17/02/2025,4,8,Fish eggs,19,152,20.51,,,,35.44,18.07,149.07632,42.56943,-42.56943,1
17/02/2025,4,8,Doliolid ,3,24,3.24,,,,35.44,18.07,149.07632,42.56943,-42.56943,1
17/02/2025,4,8,Harpacticoida sp. ,10,80,10.8,,,,35.44,18.07,149.07632,42.56943,-42.56943,1
17/02/2025,4,8,Cyclopodia ,5,40,5.4,,,,35.44,18.07,149.07632,42.56943,-42.56943,1
17/02/2025,4,8,Oithona sp.,2,16,2.16,,,,35.44,18.07,149.07632,42.56943,-42.56943,1
17/02/2025,4,8,Calanoida ,151,1208,163.02,,,,35.44,18.07,149.07632,42.56943,-42.56943,1
17/02/2025,4,8,Cnidaria ,4,32,4.32,,Obelia ,,35.44,18.07,149.07632,42.56943,-42.56943,1
17/02/2025,4,8,Cnidaria ,3,24,3.24,,Medusa ,,35.44,18.07,149.07632,42.56943,-42.56943,1
17/02/2025,4,8,Evadne sp. ,39,312,42.11,,,,35.44,18.07,149.07632,42.56943,-42.56943,1
17/02/2025,4,8,Chaetognath,10,80,10.8,,,,35.44,18.07,149.07632,42.56943,-42.56943,1
17/02/2025,4,8,Oikopleura sp. ,187,1496,201.89,,,,35.44,18.07,149.07632,42.56943,-42.56943,1
17/02/2025,5,4,Amphipoda ,6,24,2.97,8.09,,"Lots of sticky aggregate, radiolarians, dinoflagellates, forams",35.38,17.88,148.12071,42.5828,-42.5828,1
17/02/2025,5,4,Oikopleura sp. ,174,696,86.03,,,,35.38,17.88,148.12071,42.5828,-42.5828,1
17/02/2025,5,4,Larvae,2,8,0.99,,asteroidea ,,35.38,17.88,148.12071,42.5828,-42.5828,1
17/02/2025,5,4,Calanoida ,3,12,1.48,,Calanus australis,,35.38,17.88,148.12071,42.5828,-42.5828,1
17/02/2025,5,4,Evadne sp. ,34,136,16.81,,,,35.38,17.88,148.12071,42.5828,-42.5828,1
17/02/2025,5,4,Penilia sp.,115,460,56.86,,some with eggs,,35.38,17.88,148.12071,42.5828,-42.5828,1
17/02/2025,5,4,Podon sp.,5,20,2.47,,"some with eggs, photo",,35.38,17.88,148.12071,42.5828,-42.5828,1
17/02/2025,5,4,Cnidaria ,1,4,0.49,,Medusa ,,35.38,17.88,148.12071,42.5828,-42.5828,1
17/02/2025,5,4,Unknown ,1,4,0.49,,copepod ,,35.38,17.88,148.12071,42.5828,-42.5828,1
17/02/2025,5,4,Unknown ,1,4,0.49,,copepod acartiidae,,35.38,17.88,148.12071,42.5828,-42.5828,1
17/02/2025,5,4,Calanoida ,47,188,23.24,,,,35.38,17.88,148.12071,42.5828,-42.5828,1
17/02/2025,5,4,Oncaea sp. ,23,92,11.37,,Cosmocaluas?,,35.38,17.88,148.12071,42.5828,-42.5828,1
17/02/2025,5,4,Oithona sp.,30,120,14.83,,,,35.38,17.88,148.12071,42.5828,-42.5828,1
17/02/2025,5,4,Nauplii ,1,4,0.49,,crustacean,,35.38,17.88,148.12071,42.5828,-42.5828,1
17/02/2025,5,4,Doliolid ,6,24,2.97,,,,35.38,17.88,148.12071,42.5828,-42.5828,1
17/02/2025,5,4,Larvae,2,8,0.99,,echinoderm ,,35.38,17.88,148.12071,42.5828,-42.5828,1
17/02/2025,5,4,Fish eggs,8,32,3.96,,,,35.38,17.88,148.12071,42.5828,-42.5828,1
17/02/2025,5,4,Gastropoda ,1,4,0.49,,larvae,,35.38,17.88,148.12071,42.5828,-42.5828,1
17/02/2025,5,4,Other ,3,12,1.48,,mollusc,,35.38,17.88,148.12071,42.5828,-42.5828,1
17/02/2025,5,4,Noctiluca,1868,7472,923.61,,,,35.38,17.88,148.12071,42.5828,-42.5828,1
17/02/2025,5,4,Larvae,13,52,6.43,,ophiuroidea,,35.38,17.88,148.12071,42.5828,-42.5828,1
17/02/2025,5,4,Ostracoda ,1,4,0.49,,,,35.38,17.88,148.12071,42.5828,-42.5828,1
17/02/2025,5,4,Gastropoda ,2,8,0.99,,clio ,,35.38,17.88,148.12071,42.5828,-42.5828,1
17/02/2025,5,4,Larvae,1,4,0.49,,sea urchin ,,35.38,17.88,148.12071,42.5828,-42.5828,1
17/02/2025,5,4,Unknown,4,16,1.98,,gelatinous ,,35.38,17.88,148.12071,42.5828,-42.5828,1
17/02/2025,6,4,Evadne sp. ,36,144,31.03,4.64,,Dinoflagellates and diatoms present,35.43,18.09,148.12818,42.58969,-42.58969,1
17/02/2025,6,4,Oithona sp.,9,36,7.76,,,,35.43,18.09,148.12818,42.58969,-42.58969,1
17/02/2025,6,4,Noctiluca,1130,4520,974.14,,,,35.43,18.09,148.12818,42.58969,-42.58969,1
17/02/2025,6,4,Doliolid ,3,12,2.59,,,,35.43,18.09,148.12818,42.58969,-42.58969,1
17/02/2025,6,4,Calanoida ,63,252,54.31,,,,35.43,18.09,148.12818,42.58969,-42.58969,1
17/02/2025,6,4,Larvae,2,8,1.72,,ophiuroidea,,35.43,18.09,148.12818,42.58969,-42.58969,1
17/02/2025,6,4,Oikopleura sp. ,33,132,28.45,,,,35.43,18.09,148.12818,42.58969,-42.58969,1
17/02/2025,6,4,Penilia sp.,132,528,113.79,,,,35.43,18.09,148.12818,42.58969,-42.58969,1
17/02/2025,7,4,Evadne sp. ,309,1236,127.03,9.73,,,35.4,18.09,148.13842,42.60433,-42.60433,1
17/02/2025,7,4,Calanoida ,132,528,54.27,,,,35.4,18.09,148.13842,42.60433,-42.60433,1
17/02/2025,7,4,Oithona sp.,12,48,4.93,,,,35.4,18.09,148.13842,42.60433,-42.60433,1
17/02/2025,7,4,Oithona sp.,3,12,1.23,,,,35.4,18.09,148.13842,42.60433,-42.60433,1
17/02/2025,7,4,Noctiluca,2545,10180,1046.25,,,,35.4,18.09,148.13842,42.60433,-42.60433,1
17/02/2025,7,4,Fish eggs,37,148,15.21,,,,35.4,18.09,148.13842,42.60433,-42.60433,1
17/02/2025,7,4,Penilia sp.,235,940,96.61,,,,35.4,18.09,148.13842,42.60433,-42.60433,1
17/02/2025,7,4,Doliolid ,8,32,3.29,,,,35.4,18.09,148.13842,42.60433,-42.60433,1
17/02/2025,7,4,Gastropoda ,12,48,4.93,,,,35.4,18.09,148.13842,42.60433,-42.60433,1
17/02/2025,7,4,Chaetognath,7,28,2.88,,,,35.4,18.09,148.13842,42.60433,-42.60433,1
17/02/2025,7,4,Oikopleura sp. ,27,108,11.1,,,,35.4,18.09,148.13842,42.60433,-42.60433,1
17/02/2025,7,4,Larvae,1,4,0.41,,crab,,35.4,18.09,148.13842,42.60433,-42.60433,1
17/02/2025,7,4,Ostracoda ,3,12,1.23,,"very small, orange, fully formed ",,35.4,18.09,148.13842,42.60433,-42.60433,1
17/02/2025,7,4,Podon sp.,17,68,6.99,,,,35.4,18.09,148.13842,42.60433,-42.60433,1
17/02/2025,8,8,Evadne sp. ,26,208,27.66,7.52,,"Ceratium, radalia, dinoflagelalte fusus present",35.42,18.15,148.14369,42.62192,-42.62192,1
17/02/2025,8,8,Calanoida ,28,224,29.79,,,,35.42,18.15,148.14369,42.62192,-42.62192,1
17/02/2025,8,8,Oithona sp.,2,16,2.13,,,,35.42,18.15,148.14369,42.62192,-42.62192,1
17/02/2025,8,8,Penilia sp.,31,248,32.98,,,,35.42,18.15,148.14369,42.62192,-42.62192,1
17/02/2025,8,8,Larvae,2,16,2.13,,euphausiid ,,35.42,18.15,148.14369,42.62192,-42.62192,1
17/02/2025,8,8,Fish eggs,26,208,27.66,,,,35.42,18.15,148.14369,42.62192,-42.62192,1
17/02/2025,8,8,Larvae,7,56,7.45,,polychaete ,,35.42,18.15,148.14369,42.62192,-42.62192,1
17/02/2025,8,8,Other ,3,24,3.19,,polychaeta ,,35.42,18.15,148.14369,42.62192,-42.62192,1
17/02/2025,8,8,Gastropoda ,1,8,1.06,,,,35.42,18.15,148.14369,42.62192,-42.62192,1
17/02/2025,8,8,Oikopleura sp. ,2,16,2.13,,,,35.42,18.15,148.14369,42.62192,-42.62192,1
17/02/2025,8,8,Doliolid ,4,32,4.26,,,,35.42,18.15,148.14369,42.62192,-42.62192,1
17/02/2025,8,8,Other ,2,16,2.13,, salp thalia ,,35.42,18.15,148.14369,42.62192,-42.62192,1
17/02/2025,8,8,Ostracoda ,1,8,1.06,,,,35.42,18.15,148.14369,42.62192,-42.62192,1
17/02/2025,8,8,Noctiluca,1239,9912,1318.09,,,,35.42,18.15,148.14369,42.62192,-42.62192,1
17/02/2025,8,8,Harpacticoida sp. ,2,16,2.13,,,,35.42,18.15,148.14369,42.62192,-42.62192,1
17/02/2025,8,8,Podon sp.,2,16,2.13,,,,35.42,18.15,148.14369,42.62192,-42.62192,1
17/02/2025,9,4,Evadne sp. ,151,604,70.4,8.58,,,35.41,17.97,148.15906,42.64046,-42.64046,1
17/02/2025,9,4,Penilia sp.,72,288,33.57,,,,35.41,17.97,148.15906,42.64046,-42.64046,1
17/02/2025,9,4,Calanoida ,132,528,61.54,,,,35.41,17.97,148.15906,42.64046,-42.64046,1
17/02/2025,9,4,Oikopleura sp. ,140,560,65.27,,,,35.41,17.97,148.15906,42.64046,-42.64046,1
17/02/2025,9,4,Oncaea sp. ,8,32,3.73,,,,35.41,17.97,148.15906,42.64046,-42.64046,1
17/02/2025,9,4,Oithona sp.,47,188,21.91,,,,35.41,17.97,148.15906,42.64046,-42.64046,1
17/02/2025,9,4,Larvae,2,8,0.93,,crab zoea ,,35.41,17.97,148.15906,42.64046,-42.64046,1
17/02/2025,9,4,Doliolid ,3,12,1.4,,,,35.41,17.97,148.15906,42.64046,-42.64046,1
17/02/2025,9,4,Unknown,1,4,0.47,,polychatea ? ,,35.41,17.97,148.15906,42.64046,-42.64046,1
17/02/2025,9,4,Fish eggs,1,4,0.47,,,,35.41,17.97,148.15906,42.64046,-42.64046,1
17/02/2025,9,4,Noctiluca,3115,12460,1452.21,,,,35.41,17.97,148.15906,42.64046,-42.64046,1
17/02/2025,9,4,Harpacticoida sp. ,10,40,4.66,,,,35.41,17.97,148.15906,42.64046,-42.64046,1
17/02/2025,10,4,Penilia sp.,45,180,27.36,6.58,,lots of discoloured? Copepod shells in this sample which made it hard to distinguish them,35.43,17.99,148.16856,42.65087,-42.65087,1
17/02/2025,10,4,Oithona sp.,19,76,11.55,,,,35.43,17.99,148.16856,42.65087,-42.65087,1
17/02/2025,10,4,Nauplii ,11,44,6.69,,crustacean,,35.43,17.99,148.16856,42.65087,-42.65087,1
17/02/2025,10,4,Chaetognath,10,40,6.08,,,,35.43,17.99,148.16856,42.65087,-42.65087,1
17/02/2025,10,4,Evadne sp. ,71,284,43.16,,,,35.43,17.99,148.16856,42.65087,-42.65087,1
17/02/2025,10,4,Calanoida ,755,3020,458.97,,,,35.43,17.99,148.16856,42.65087,-42.65087,1
17/02/2025,10,4,Oikopleura sp. ,52,208,31.61,,,,35.43,17.99,148.16856,42.65087,-42.65087,1
17/02/2025,10,4,Fish eggs,14,56,8.51,,,,35.43,17.99,148.16856,42.65087,-42.65087,1
17/02/2025,10,4,Larvae,2,8,1.22,,fish ,,35.43,17.99,148.16856,42.65087,-42.65087,1
17/02/2025,10,4,Oncaea sp. ,48,192,29.18,,,,35.43,17.99,148.16856,42.65087,-42.65087,1
17/02/2025,10,4,Cnidaria ,3,12,1.82,,,,35.43,17.99,148.16856,42.65087,-42.65087,1
17/02/2025,10,4,Noctiluca,881,3524,535.56,,,,35.43,17.99,148.16856,42.65087,-42.65087,1
17/02/2025,10,4,Harpacticoida sp. ,4,16,2.43,,,,35.43,17.99,148.16856,42.65087,-42.65087,1
17/02/2025,10,4,Other ,1,4,0.61,,isopoda ,,35.43,17.99,148.16856,42.65087,-42.65087,1
17/02/2025,10,4,Doliolid ,1,4,0.61,,,,35.43,17.99,148.16856,42.65087,-42.65087,1
17/02/2025,10,4,Other ,7,28,4.26,,"radiolaria, phytoplankton ",,35.43,17.99,148.16856,42.65087,-42.65087,1
17/02/2025,10,4,Unknown ,3,12,1.82,,copepod eggs ,,35.43,17.99,148.16856,42.65087,-42.65087,1
17/02/2025,10,4,Other ,2,8,1.22,,"ceratium, dinoflagellates ",,35.43,17.99,148.16856,42.65087,-42.65087,1
17/02/2025,10,4,Other ,744,2976,452.28,,copepod monstrilloida,,35.43,17.99,148.16856,42.65087,-42.65087,1
17/02/2025,11,8,Calanoida ,185,1480,138.58,10.68,"some appear to have egg, very fine ad to look at for long",,35.42,18.15,148.13677,42.66684,-42.66684,1
17/02/2025,11,8,Evadne sp. ,38,304,28.46,,,,35.42,18.15,148.13677,42.66684,-42.66684,1
17/02/2025,11,8,Cyclopodia ,17,136,12.73,,,,35.42,18.15,148.13677,42.66684,-42.66684,1
17/02/2025,11,8,Penilia sp.,118,944,88.39,133.47,,,35.42,18.15,148.13677,42.66684,-42.66684,1
17/02/2025,11,8,Larvae,1,8,0.75,,euphausiid ,,35.42,18.15,148.13677,42.66684,-42.66684,1
17/02/2025,11,8,Nauplii ,1,8,0.75,,crustacean,,35.42,18.15,148.13677,42.66684,-42.66684,1
17/02/2025,11,8,Fish eggs,1,8,0.75,,,,35.42,18.15,148.13677,42.66684,-42.66684,1
17/02/2025,11,8,Noctiluca,509,4072,381.27,,,,35.42,18.15,148.13677,42.66684,-42.66684,1
17/02/2025,11,8,Larvae,4,32,3,,crab zoea ,,35.42,18.15,148.13677,42.66684,-42.66684,1
17/02/2025,11,8,Oikopleura sp. ,305,2440,228.46,,,,35.42,18.15,148.13677,42.66684,-42.66684,1
17/02/2025,12,8,Oikopleura sp. ,84,672,88.3,7.61,,,35.41,18.06,148.08896,42.664462,-42.664462,1
17/02/2025,12,8,Evadne sp. ,24,192,25.23,,,,35.41,18.06,148.08896,42.664462,-42.664462,1
17/02/2025,12,8,Penilia sp.,90,720,94.61,,,,35.41,18.06,148.08896,42.664462,-42.664462,1
17/02/2025,12,8,Calanoida ,98,784,103.02,,,,35.41,18.06,148.08896,42.664462,-42.664462,1
17/02/2025,12,8,Oncaea sp. ,7,56,7.36,,,,35.41,18.06,148.08896,42.664462,-42.664462,1
17/02/2025,12,8,Doliolid ,1,8,1.05,,,"creamy white, radolarian, forams, some aggregates",35.41,18.06,148.08896,42.664462,-42.664462,1
17/02/2025,12,8,Noctiluca,574,4592,603.42,,,,35.41,18.06,148.08896,42.664462,-42.664462,1
17/02/2025,13,4,Oikopleura sp. ,206,824,124.47,6.62,,,35.42,17.98,148.09317,42.69221,-42.69221,1
17/02/2025,13,4,Chaetognath,2,8,1.21,,,,35.42,17.98,148.09317,42.69221,-42.69221,1
17/02/2025,13,4,Evadne sp. ,178,712,107.55,,,,35.42,17.98,148.09317,42.69221,-42.69221,1
17/02/2025,13,4,Penilia sp.,215,860,129.91,,,,35.42,17.98,148.09317,42.69221,-42.69221,1
17/02/2025,13,4,Other ,2,8,1.21,,clam ,,35.42,17.98,148.09317,42.69221,-42.69221,1
17/02/2025,13,4,Calanoida ,482,1928,291.24,,,,35.42,17.98,148.09317,42.69221,-42.69221,1
17/02/2025,13,4,Cyclopodia ,22,88,13.29,,,,35.42,17.98,148.09317,42.69221,-42.69221,1
17/02/2025,13,4,Doliolid ,12,48,7.25,,,,35.42,17.98,148.09317,42.69221,-42.69221,1
17/02/2025,13,4,Fish eggs,16,64,9.67,,,,35.42,17.98,148.09317,42.69221,-42.69221,1
17/02/2025,13,4,Larvae,2,8,1.21,,fish ,,35.42,17.98,148.09317,42.69221,-42.69221,1
17/02/2025,13,4,Larvae,1,4,0.6,,krill ,,35.42,17.98,148.09317,42.69221,-42.69221,1
17/02/2025,13,4,Other ,2,8,1.21,,"photo, molluscs ",,35.42,17.98,148.09317,42.69221,-42.69221,1
17/02/2025,13,4,Noctiluca,580,2320,350.45,,,,35.42,17.98,148.09317,42.69221,-42.69221,1
17/02/2025,13,4,Larvae,6,24,3.63,,ophiuroidea,,35.42,17.98,148.09317,42.69221,-42.69221,1
17/02/2025,13,4,Ostracoda ,4,16,2.42,,,,35.42,17.98,148.09317,42.69221,-42.69221,1
17/02/2025,13,4,Gastropoda ,1,4,0.6,,clio ,,35.42,17.98,148.09317,42.69221,-42.69221,1
17/02/2025,13,4,Other ,2,8,1.21,,stomatopod juvenille,,35.42,17.98,148.09317,42.69221,-42.69221,1
17/02/2025,13,4,Unknown,1,4,0.6,,snapping shrimp larva photo,,35.42,17.98,148.09317,42.69221,-42.69221,1
17/02/2025,13,4,Unknown,1,4,0.6,,copepod ,,35.42,17.98,148.09317,42.69221,-42.69221,1
17/02/2025,14,16,Noctiluca,510,8160,588.74,13.86,,,35.42,17.98,148.0987,42.71291,-42.71291,1
17/02/2025,14,16,Calanoida ,194,3104,223.95,,,,35.42,17.98,148.0987,42.71291,-42.71291,1
17/02/2025,14,16,Oikopleura sp. ,61,976,70.42,,,,35.42,17.98,148.0987,42.71291,-42.71291,1
17/02/2025,14,16,Evadne sp. ,3,48,3.46,,,,35.42,17.98,148.0987,42.71291,-42.71291,1
17/02/2025,14,16,Fish eggs,3,48,3.46,,,,35.42,17.98,148.0987,42.71291,-42.71291,1
17/02/2025,14,16,Larvae,2,32,2.31,,euphausiid ,,35.42,17.98,148.0987,42.71291,-42.71291,1
17/02/2025,14,16,Chaetognath,10,160,11.54,,,,35.42,17.98,148.0987,42.71291,-42.71291,1
17/02/2025,14,16,Nauplii ,4,64,4.62,,barnacle ,,35.42,17.98,148.0987,42.71291,-42.71291,1
17/02/2025,14,16,Doliolid ,3,48,3.46,,,,35.42,17.98,148.0987,42.71291,-42.71291,1
17/02/2025,14,16,Harpacticoida sp. ,1,16,1.15,,,,35.42,17.98,148.0987,42.71291,-42.71291,1
17/02/2025,15,16,Larvae,3,48,2.94,16.33,decapoda zoea ,,35.43,18.14,148.05704,42.73059,-42.73059,1
17/02/2025,15,16,Unknown ,8,128,7.84,,yellow fluff ,,35.43,18.14,148.05704,42.73059,-42.73059,1
17/02/2025,15,16,Larvae,2,32,1.96,,fish ,,35.43,18.14,148.05704,42.73059,-42.73059,1
17/02/2025,15,16,Calanoida ,107,1712,104.84,,,,35.43,18.14,148.05704,42.73059,-42.73059,1
17/02/2025,15,16,Penilia sp.,144,2304,141.09,,,,35.43,18.14,148.05704,42.73059,-42.73059,1
17/02/2025,15,16,Harpacticoida sp. ,10,160,9.8,,,,35.43,18.14,148.05704,42.73059,-42.73059,1
17/02/2025,15,16,Fish eggs,38,608,37.23,,,,35.43,18.14,148.05704,42.73059,-42.73059,1
17/02/2025,15,16,Oncaea sp. ,34,544,33.31,,,,35.43,18.14,148.05704,42.73059,-42.73059,1
17/02/2025,15,16,Gastropoda ,8,128,7.84,,,,35.43,18.14,148.05704,42.73059,-42.73059,1
17/02/2025,15,16,Chaetognath,6,96,5.88,,,,35.43,18.14,148.05704,42.73059,-42.73059,1
17/02/2025,15,16,Oikopleura sp. ,27,432,26.45,,,,35.43,18.14,148.05704,42.73059,-42.73059,1
17/02/2025,15,16,Evadne sp. ,26,416,25.47,,,,35.43,18.14,148.05704,42.73059,-42.73059,1
17/02/2025,15,16,Oithona sp.,3,48,2.94,,,,35.43,18.14,148.05704,42.73059,-42.73059,1
17/02/2025,15,16,Podon sp.,2,32,1.96,,,,35.43,18.14,148.05704,42.73059,-42.73059,1
17/02/2025,15,16,Noctiluca,623,9968,610.41,,,,35.43,18.14,148.05704,42.73059,-42.73059,1
17/02/2025,15,16,Unknown,2,32,1.96,,,,35.43,18.14,148.05704,42.73059,-42.73059,1
17/02/2025,16,8,Evadne sp. ,32,256,19.42,13.18,,,35.42,18.26,148.02684,42.74152,-42.74152,1
17/02/2025,16,8,Noctiluca,690,5520,418.82,,,,35.42,18.26,148.02684,42.74152,-42.74152,1
17/02/2025,16,8,Penilia sp.,138,1104,83.76,,,,35.42,18.26,148.02684,42.74152,-42.74152,1
17/02/2025,16,8,Calanoida ,127,1016,77.09,,,,35.42,18.26,148.02684,42.74152,-42.74152,1
17/02/2025,16,8,Oncaea sp. ,8,64,4.86,,,,35.42,18.26,148.02684,42.74152,-42.74152,1
17/02/2025,16,8,Larvae,1,8,0.61,,ophiuroidea,,35.42,18.26,148.02684,42.74152,-42.74152,1
17/02/2025,16,8,Larvae,1,8,0.61,,euphausiid ,,35.42,18.26,148.02684,42.74152,-42.74152,1
17/02/2025,16,8,Gastropoda ,36,288,21.85,,,,35.42,18.26,148.02684,42.74152,-42.74152,1
17/02/2025,16,8,Oikopleura sp. ,37,296,22.46,,,,35.42,18.26,148.02684,42.74152,-42.74152,1
17/02/2025,17,2,Evadne sp. ,17,34,4.58,7.43,,,35.44,18.22,148.00801,42.7217,-42.7217,1
17/02/2025,17,2,Podon sp.,1,2,0.27,,some with eggs,,35.44,18.22,148.00801,42.7217,-42.7217,1
17/02/2025,17,2,Fish eggs,13,26,3.5,,,,35.44,18.22,148.00801,42.7217,-42.7217,1
17/02/2025,17,2,Calanoida ,12,24,3.23,,,,35.44,18.22,148.00801,42.7217,-42.7217,1
17/02/2025,17,2,Harpacticoida sp. ,2,4,0.54,,,,35.44,18.22,148.00801,42.7217,-42.7217,1
17/02/2025,17,2,Penilia sp.,15,30,4.04,,,,35.44,18.22,148.00801,42.7217,-42.7217,1
17/02/2025,17,2,Oithona sp.,1,2,0.27,,,dinoflagelaltes present,35.44,18.22,148.00801,42.7217,-42.7217,1
17/02/2025,17,2,Noctiluca,747,1494,201.08,,,,35.44,18.22,148.00801,42.7217,-42.7217,1
17/02/2025,18,8,Calanoida ,63,504,75.34,6.69,,,35.43,18.05,148.0243,42.68617,-42.68617,1
17/02/2025,18,8,Evadne sp. ,54,432,64.57,,eggs attached to several,,35.43,18.05,148.0243,42.68617,-42.68617,1
17/02/2025,18,8,Oikopleura sp. ,81,648,96.86,,,,35.43,18.05,148.0243,42.68617,-42.68617,1
17/02/2025,18,8,Doliolid ,8,64,9.57,,,,35.43,18.05,148.0243,42.68617,-42.68617,1
17/02/2025,18,8,Larvae,14,112,16.74,,ophiuroidea,,35.43,18.05,148.0243,42.68617,-42.68617,1
17/02/2025,18,8,Larvae,17,136,20.33,,fish ,,35.43,18.05,148.0243,42.68617,-42.68617,1
17/02/2025,18,8,Cnidaria ,5,40,5.98,,,,35.43,18.05,148.0243,42.68617,-42.68617,1
17/02/2025,18,8,Fish eggs,19,152,22.72,,,,35.43,18.05,148.0243,42.68617,-42.68617,1
17/02/2025,18,8,Oithona sp.,5,40,5.98,,,,35.43,18.05,148.0243,42.68617,-42.68617,1
17/02/2025,18,8,Other ,1,8,1.2,,isopoda ,,35.43,18.05,148.0243,42.68617,-42.68617,1
17/02/2025,18,8,Nauplii ,1,8,1.2,,crustacean,,35.43,18.05,148.0243,42.68617,-42.68617,1
17/02/2025,18,8,Penilia sp.,3,24,3.59,,,,35.43,18.05,148.0243,42.68617,-42.68617,1
17/02/2025,18,8,Noctiluca,733,5864,876.53,,,,35.43,18.05,148.0243,42.68617,-42.68617,1
17/02/2025,18,8,Chaetognath,3,24,3.59,,,,35.43,18.05,148.0243,42.68617,-42.68617,1
17/02/2025,18,8,Other ,4,32,4.78,,"ceratium, dinoflagellates ",,35.43,18.05,148.0243,42.68617,-42.68617,1
17/02/2025,18,8,Other ,5,40,5.98,,"radiolaria, phytoplankton ",lots of dinoflagellates in sample,35.43,18.05,148.0243,42.68617,-42.68617,1
17/02/2025,18,8,Larvae,3,24,3.59,,sea urchin ,,35.43,18.05,148.0243,42.68617,-42.68617,1
17/02/2025,19,2,Calanoida ,553,1106,159.83,6.92,,,35.61,18.17,148.04711,42.6647,-42.6647,1
17/02/2025,19,2,Cyclopodia ,4,8,1.16,,eggs attached to several,,35.61,18.17,148.04711,42.6647,-42.6647,1
17/02/2025,19,2,Noctiluca,1672,3344,483.24,,,,35.61,18.17,148.04711,42.6647,-42.6647,1
17/02/2025,19,2,Fish eggs,28,56,8.09,,,,35.61,18.17,148.04711,42.6647,-42.6647,1
17/02/2025,19,2,Chaetognath,14,28,4.05,,,,35.61,18.17,148.04711,42.6647,-42.6647,1
17/02/2025,19,2,Larvae,2,4,0.58,,crab zoea ,,35.61,18.17,148.04711,42.6647,-42.6647,1
17/02/2025,19,2,Penilia sp.,6,12,1.73,,,,35.61,18.17,148.04711,42.6647,-42.6647,1
17/02/2025,19,2,Evadne sp. ,12,24,3.47,,,,35.61,18.17,148.04711,42.6647,-42.6647,1
17/02/2025,19,2,Larvae,2,4,0.58,,decapoda zoea ,,35.61,18.17,148.04711,42.6647,-42.6647,1
17/02/2025,19,2,Nauplii ,1,2,0.29,,crustacean,,35.61,18.17,148.04711,42.6647,-42.6647,1
17/02/2025,19,2,Nauplii ,2,4,0.58,,barnacle ,,35.61,18.17,148.04711,42.6647,-42.6647,1
17/02/2025,19,2,Larvae,4,8,1.16,,polychaete ,,35.61,18.17,148.04711,42.6647,-42.6647,1
17/02/2025,19,2,Other ,1,2,0.29,,salp ,,35.61,18.17,148.04711,42.6647,-42.6647,1
17/02/2025,19,2,Cnidaria ,1,2,0.29,,,lots of dinoflagellates,35.61,18.17,148.04711,42.6647,-42.6647,1
17/02/2025,19,2,Larvae,1,2,0.29,,krill ,,35.61,18.17,148.04711,42.6647,-42.6647,1
17/02/2025,20,8,Cnidaria ,1,8,1.37,5.83,Obelia ,,35.41,17.66,148.01717,42.6674,-42.6674,1
17/02/2025,20,8,Calanoida ,32,256,43.91,,,,35.41,17.66,148.01717,42.6674,-42.6674,1
17/02/2025,20,8,Evadne sp. ,87,696,119.38,,,,35.41,17.66,148.01717,42.6674,-42.6674,1
17/02/2025,20,8,Penilia sp.,152,1216,208.58,,,,35.41,17.66,148.01717,42.6674,-42.6674,1
17/02/2025,20,8,Oikopleura sp. ,176,1408,241.51,,,,35.41,17.66,148.01717,42.6674,-42.6674,1
17/02/2025,20,8,Fish eggs,34,272,46.66,,,,35.41,17.66,148.01717,42.6674,-42.6674,1
17/02/2025,20,8,Doliolid ,17,136,23.33,,"7 small yellow not see throgh, 25 see through whte fish visible",,35.41,17.66,148.01717,42.6674,-42.6674,1
17/02/2025,20,8,Oncaea sp. ,7,56,9.61,,,,35.41,17.66,148.01717,42.6674,-42.6674,1
17/02/2025,20,8,Nauplii ,6,48,8.23,,crustacean,,35.41,17.66,148.01717,42.6674,-42.6674,1
17/02/2025,20,8,Larvae,3,24,4.12,,holothruoidea,,35.41,17.66,148.01717,42.6674,-42.6674,1
17/02/2025,20,8,Noctiluca,615,4920,843.91,,,,35.41,17.66,148.01717,42.6674,-42.6674,1
17/02/2025,20,8,Larvae,2,16,2.74,,crab zoea ,,35.41,17.66,148.01717,42.6674,-42.6674,1
17/02/2025,21,4,Oikopleura sp. ,259,1036,175.59,5.9,,,35.48,17.75,148.02625,42.6516,-42.6516,1
17/02/2025,21,4,Evadne sp. ,161,644,109.15,,,,35.48,17.75,148.02625,42.6516,-42.6516,1
17/02/2025,21,4,Penilia sp.,785,3140,532.2,,w/eggs,,35.48,17.75,148.02625,42.6516,-42.6516,1
17/02/2025,21,4,Calanoida ,180,720,122.03,,w/eggs,,35.48,17.75,148.02625,42.6516,-42.6516,1
17/02/2025,21,4,Oithona sp.,37,148,25.08,,11 w/eggs,,35.48,17.75,148.02625,42.6516,-42.6516,1
17/02/2025,21,4,Harpacticoida sp. ,39,156,26.44,,,,35.48,17.75,148.02625,42.6516,-42.6516,1
17/02/2025,21,4,Doliolid ,4,16,2.71,,,,35.48,17.75,148.02625,42.6516,-42.6516,1
17/02/2025,21,4,Noctiluca,1784,7136,1209.49,,,,35.48,17.75,148.02625,42.6516,-42.6516,1
17/02/2025,21,4,Larvae,3,12,2.03,,euphausiid ,,35.48,17.75,148.02625,42.6516,-42.6516,1
17/02/2025,21,4,Other ,1,4,0.68,,polychaeta ,,35.48,17.75,148.02625,42.6516,-42.6516,1
17/02/2025,21,4,Cnidaria ,6,24,4.07,,Obelia ,,35.48,17.75,148.02625,42.6516,-42.6516,1
17/02/2025,21,4,Other ,1,4,0.68,,polychaeta ,,35.48,17.75,148.02625,42.6516,-42.6516,1
17/02/2025,21,4,Fish eggs,11,44,7.46,,,,35.48,17.75,148.02625,42.6516,-42.6516,1
17/02/2025,21,4,Ostracoda ,1,4,0.68,,,,35.48,17.75,148.02625,42.6516,-42.6516,1
17/02/2025,21,4,Cnidaria ,5,20,3.39,,Medusa ,"forams, dinoflagelalts, radiolarians, aggregates",35.48,17.75,148.02625,42.6516,-42.6516,1
17/02/2025,21,4,Gastropoda ,1,4,0.68,,,,35.48,17.75,148.02625,42.6516,-42.6516,1
17/02/2025,22,8,Nauplii ,350,2800,397.16,7.05,cirriped ,,35.43,19.89,148.03492,42.61958,-42.61958,1
17/02/2025,22,8,Oikopleura sp. ,211,1688,239.43,,,,35.43,19.89,148.03492,42.61958,-42.61958,1
17/02/2025,22,8,Calanoida ,219,1752,248.51,,various species,,35.43,19.89,148.03492,42.61958,-42.61958,1
17/02/2025,22,8,Fish eggs,14,112,15.89,,,,35.43,19.89,148.03492,42.61958,-42.61958,1
17/02/2025,22,8,Larvae,1,8,1.13,,"w/formed fish (11)?? , crab zoea ",,35.43,19.89,148.03492,42.61958,-42.61958,1
17/02/2025,22,8,Unknown,3,24,3.4,,,,35.43,19.89,148.03492,42.61958,-42.61958,1
17/02/2025,22,8,Larvae,2,16,2.27,,"Photo, euphausiid",,35.43,19.89,148.03492,42.61958,-42.61958,1
17/02/2025,22,8,Other ,2,16,2.27,,clam ,,35.43,19.89,148.03492,42.61958,-42.61958,1
17/02/2025,22,8,Cnidaria ,11,88,12.48,,Medusa ,,35.43,19.89,148.03492,42.61958,-42.61958,1
17/02/2025,22,8,Gastropoda ,4,32,4.54,,"multiple types, shell ",,35.43,19.89,148.03492,42.61958,-42.61958,1
17/02/2025,22,8,Larvae,1,8,1.13,,"multiple types, starfish ",,35.43,19.89,148.03492,42.61958,-42.61958,1
17/02/2025,22,8,Evadne sp. ,59,472,66.95,,,,35.43,19.89,148.03492,42.61958,-42.61958,1
17/02/2025,22,8,Larvae,1,8,1.13,,"some w eggs, urchin ",,35.43,19.89,148.03492,42.61958,-42.61958,1
17/02/2025,22,8,Larvae,3,24,3.4,,ophiuroidea,,35.43,19.89,148.03492,42.61958,-42.61958,1
17/02/2025,22,8,Doliolid ,6,48,6.81,,,,35.43,19.89,148.03492,42.61958,-42.61958,1
17/02/2025,22,8,Penilia sp.,323,2584,366.52,,,,35.43,19.89,148.03492,42.61958,-42.61958,1
17/02/2025,22,8,Nauplii ,2,16,2.27,,"some w/ eggs, crustacean ",,35.43,19.89,148.03492,42.61958,-42.61958,1
17/02/2025,22,8,Cyclopodia ,116,928,131.63,,yellow - photo,,35.43,19.89,148.03492,42.61958,-42.61958,1
17/02/2025,22,8,Podon sp.,32,256,36.31,,some w/ eggs,,35.43,19.89,148.03492,42.61958,-42.61958,1
17/02/2025,22,8,Ostracoda ,11,88,12.48,,,,35.43,19.89,148.03492,42.61958,-42.61958,1
17/02/2025,22,8,Cnidaria ,1,8,1.13,,Obelia ,,35.43,19.89,148.03492,42.61958,-42.61958,1
17/02/2025,22,8,Noctiluca,148,1184,167.94,,,,35.43,19.89,148.03492,42.61958,-42.61958,1
17/02/2025,23,8,Noctiluca,1267,10136,2572.59,3.94,,,35.39,17.72,148.04039,42.60372,-42.60372,1
17/02/2025,23,8,Doliolid ,5,40,10.15,,,,35.39,17.72,148.04039,42.60372,-42.60372,1
17/02/2025,23,8,Oikopleura sp. ,196,1568,397.97,,,,35.39,17.72,148.04039,42.60372,-42.60372,1
17/02/2025,23,8,Evadne sp. ,247,1976,501.52,,,,35.39,17.72,148.04039,42.60372,-42.60372,1
17/02/2025,23,8,Other ,1,8,2.03,,salp ,,35.39,17.72,148.04039,42.60372,-42.60372,1
17/02/2025,23,8,Penilia sp.,232,1856,471.07,,,,35.39,17.72,148.04039,42.60372,-42.60372,1
17/02/2025,23,8,Other ,1,8,2.03,,Metis copepod ,,35.39,17.72,148.04039,42.60372,-42.60372,1
17/02/2025,23,8,Calanoida ,100,800,203.05,,,,35.39,17.72,148.04039,42.60372,-42.60372,1
17/02/2025,23,8,Oncaea sp. ,4,32,8.12,,,,35.39,17.72,148.04039,42.60372,-42.60372,1
17/02/2025,23,8,Cnidaria ,2,16,4.06,,Medusa ,,35.39,17.72,148.04039,42.60372,-42.60372,1
17/02/2025,23,8,Larvae,2,16,4.06,,ophiuroidea,,35.39,17.72,148.04039,42.60372,-42.60372,1
17/02/2025,23,8,Larvae,2,16,4.06,,starfish ,,35.39,17.72,148.04039,42.60372,-42.60372,1
17/02/2025,23,8,Larvae,1,8,2.03,,euphausiid ,dinoflagellates phytoplankton,35.39,17.72,148.04039,42.60372,-42.60372,1
17/02/2025,23,8,Larvae,1,8,2.03,,decapoda zoea ,,35.39,17.72,148.04039,42.60372,-42.60372,1
17/02/2025,24,8,Noctiluca,1424,11392,2778.54,4.1,,,35.43,18.38,148.04773,42.59449,-42.59449,1
17/02/2025,24,8,Fish eggs,6,48,11.71,,,,35.43,18.38,148.04773,42.59449,-42.59449,1
17/02/2025,24,8,Calanoida ,96,768,187.32,,,,35.43,18.38,148.04773,42.59449,-42.59449,1
17/02/2025,24,8,Evadne sp. ,16,128,31.22,,,,35.43,18.38,148.04773,42.59449,-42.59449,1
17/02/2025,24,8,Larvae,2,16,3.9,,polychaete ,,35.43,18.38,148.04773,42.59449,-42.59449,1
17/02/2025,24,8,Oikopleura sp. ,68,544,132.68,,,,35.43,18.38,148.04773,42.59449,-42.59449,1
17/02/2025,24,8,Cnidaria ,8,64,15.61,,Medusa Obelia ,,35.43,18.38,148.04773,42.59449,-42.59449,1
17/02/2025,24,8,Chaetognath,10,80,19.51,,,,35.43,18.38,148.04773,42.59449,-42.59449,1
17/02/2025,24,8,Cnidaria ,3,24,5.85,,Medusa ,,35.43,18.38,148.04773,42.59449,-42.59449,1
17/02/2025,24,8,Doliolid ,1,8,1.95,,,,35.43,18.38,148.04773,42.59449,-42.59449,1
17/02/2025,24,8,Nauplii ,3,24,5.85,,barnacle ,"forams, radiolaria",35.43,18.38,148.04773,42.59449,-42.59449,1
17/02/2025,24,8,Cyclopodia ,2,16,3.9,,,,35.43,18.38,148.04773,42.59449,-42.59449,1
17/02/2025,25,8,Oikopleura sp. ,507,4056,604.47,6.71,,,35.41,17.98,148.05374,42.58205,-42.58205,1
17/02/2025,25,8,Larvae,1,8,1.19,,fish ,,35.41,17.98,148.05374,42.58205,-42.58205,1
17/02/2025,25,8,Doliolid ,7,56,8.35,,,,35.41,17.98,148.05374,42.58205,-42.58205,1
17/02/2025,25,8,Gastropoda ,6,48,7.15,,shell,,35.41,17.98,148.05374,42.58205,-42.58205,1
17/02/2025,25,8,Larvae,2,16,2.38,,"on red, one long spiral, euphausiid ",,35.41,17.98,148.05374,42.58205,-42.58205,1
17/02/2025,25,8,Larvae,1,8,1.19,,ophiuroidea,,35.41,17.98,148.05374,42.58205,-42.58205,1
17/02/2025,25,8,Cnidaria ,3,24,3.58,,Medusa Obelia ,,35.41,17.98,148.05374,42.58205,-42.58205,1
17/02/2025,25,8,Larvae,1,8,1.19,,crab megalops ,,35.41,17.98,148.05374,42.58205,-42.58205,1
17/02/2025,25,8,Larvae,1,8,1.19,,crab zoea ,,35.41,17.98,148.05374,42.58205,-42.58205,1
17/02/2025,25,8,Cnidaria ,2,16,2.38,,Medusa ,,35.41,17.98,148.05374,42.58205,-42.58205,1
17/02/2025,25,8,Penilia sp.,266,2128,317.14,,,,35.41,17.98,148.05374,42.58205,-42.58205,1
17/02/2025,25,8,Calanoida ,151,1208,180.03,,some with eggs,,35.41,17.98,148.05374,42.58205,-42.58205,1
17/02/2025,25,8,Evadne sp. ,36,288,42.92,,,,35.41,17.98,148.05374,42.58205,-42.58205,1
17/02/2025,25,8,Nauplii ,1,8,1.19,,cirriped ,,35.41,17.98,148.05374,42.58205,-42.58205,1
17/02/2025,25,8,Larvae,1,8,1.19,,ophiuroidea,,35.41,17.98,148.05374,42.58205,-42.58205,1
17/02/2025,25,8,Larvae,1,8,1.19,,fish ,,35.41,17.98,148.05374,42.58205,-42.58205,1
17/02/2025,25,8,Cyclopodia ,144,1152,171.68,,"leather jacket, unkown spp, preserved in unknown vial",,35.41,17.98,148.05374,42.58205,-42.58205,1
17/02/2025,25,8,Noctiluca,293,2344,349.33,,some with eggs,,35.41,17.98,148.05374,42.58205,-42.58205,
17/02/2025,26,8,Calanoida ,204,1632,180.13,9.06,,,35.41,18.07,147.97986,42.53806,-42.53806,
17/02/2025,26,8,Oncaea sp. ,8,64,7.06,,,,35.41,18.07,147.97986,42.53806,-42.53806,
17/02/2025,26,8,Nauplii ,2,16,1.77,,crustacean,,35.41,18.07,147.97986,42.53806,-42.53806,
17/02/2025,26,8,Oikopleura sp. ,34,272,30.02,,,,35.41,18.07,147.97986,42.53806,-42.53806,
17/02/2025,26,8,Cnidaria ,10,80,8.83,,Medusa,,35.41,18.07,147.97986,42.53806,-42.53806,
17/02/2025,26,8,Penilia sp.,574,4592,506.84,,,,35.41,18.07,147.97986,42.53806,-42.53806,
17/02/2025,26,8,Doliolid ,2,16,1.77,,,,35.41,18.07,147.97986,42.53806,-42.53806,
17/02/2025,26,8,Evadne sp. ,27,216,23.84,,,,35.41,18.07,147.97986,42.53806,-42.53806,
17/02/2025,26,8,Larvae,2,16,1.77,,ophiuroidea,,35.41,18.07,147.97986,42.53806,-42.53806,
17/02/2025,26,8,Larvae,1,8,0.88,, euphausiid Furcila ,,35.41,18.07,147.97986,42.53806,-42.53806,
17/02/2025,26,8,Larvae,1,8,0.88,,decapoda zoea ,"very full of forams, radiolarians and a few dinoflagellates. Small aggregates",35.41,18.07,147.97986,42.53806,-42.53806,
17/02/2025,26,8,Noctiluca,316,2528,279.03,,,,35.41,18.07,147.97986,42.53806,-42.53806,
17/02/2025,27,8,Oikopleura sp. ,20,160,54.24,2.95,,,35.39,18.02,149.99342,42.54078,-42.54078,
17/02/2025,27,8,Penilia sp.,1383,11064,3750.51,,,,35.39,18.02,149.99342,42.54078,-42.54078,
17/02/2025,27,8,Cnidaria ,13,104,35.25,,"some with eggs, Medusa ",,35.39,18.02,149.99342,42.54078,-42.54078,
17/02/2025,27,8,Larvae,3,24,8.14,,starfish ,,35.39,18.02,149.99342,42.54078,-42.54078,
17/02/2025,27,8,Larvae,2,16,5.42,,ophiuroidea,,35.39,18.02,149.99342,42.54078,-42.54078,
17/02/2025,27,8,Doliolid ,3,24,8.14,,,,35.39,18.02,149.99342,42.54078,-42.54078,
17/02/2025,27,8,Evadne sp. ,31,248,84.07,,,,35.39,18.02,149.99342,42.54078,-42.54078,
17/02/2025,27,8,Calanoida ,35,280,94.92,,some with eggs,,35.39,18.02,149.99342,42.54078,-42.54078,
17/02/2025,27,8,Fish eggs,6,48,16.27,,,,35.39,18.02,149.99342,42.54078,-42.54078,
17/02/2025,27,8,Cyclopodia ,10,80,27.12,,2 with formed fish,,35.39,18.02,149.99342,42.54078,-42.54078,
17/02/2025,27,8,Gastropoda ,3,24,8.14,,shell,,35.39,18.02,149.99342,42.54078,-42.54078,
17/02/2025,27,8,Noctiluca,188,1504,509.83,,,,35.39,18.02,149.99342,42.54078,-42.54078,
17/02/2025,28,16,Noctiluca,846,13536,1990.59,6.8,,,35.39,17.9,148.99582,42.54372,-42.54372,
17/02/2025,28,16,Penilia sp.,921,14736,2167.06,,,,35.39,17.9,148.99582,42.54372,-42.54372,
17/02/2025,28,16,Evadne sp. ,63,1008,148.24,,,,35.39,17.9,148.99582,42.54372,-42.54372,
17/02/2025,28,16,Oikopleura sp. ,44,704,103.53,,,,35.39,17.9,148.99582,42.54372,-42.54372,
17/02/2025,28,16,Chaetognath,8,128,18.82,,,,35.39,17.9,148.99582,42.54372,-42.54372,
17/02/2025,28,16,Fish eggs,4,64,9.41,,,,35.39,17.9,148.99582,42.54372,-42.54372,
17/02/2025,28,16,Larvae,3,48,7.06,,polychaete ,,35.39,17.9,148.99582,42.54372,-42.54372,
17/02/2025,28,16,Podon sp.,1,16,2.35,,,,35.39,17.9,148.99582,42.54372,-42.54372,
17/02/2025,28,16,Nauplii ,4,64,9.41,,barnacle ,,35.39,17.9,148.99582,42.54372,-42.54372,
17/02/2025,28,16,Cnidaria ,1,16,2.35,,Medusa ,,35.39,17.9,148.99582,42.54372,-42.54372,
17/02/2025,28,16,Calanoida ,132,2112,310.59,,,,35.39,17.9,148.99582,42.54372,-42.54372,
17/02/2025,28,16,Doliolid ,6,96,14.12,,,,35.39,17.9,148.99582,42.54372,-42.54372,
17/02/2025,29,8,Evadne sp. ,44,352,41.22,8.54,,,35.38,17.84,148.05691,42.5369,-42.5369,
17/02/2025,29,8,Doliolid ,3,24,2.81,,some with eggs,,35.38,17.84,148.05691,42.5369,-42.5369,
17/02/2025,29,8,Calanoida ,63,504,59.02,,,,35.38,17.84,148.05691,42.5369,-42.5369,
17/02/2025,29,8,Larvae,3,24,2.81,,ophiuroidea,,35.38,17.84,148.05691,42.5369,-42.5369,
17/02/2025,29,8,Fish eggs,13,104,12.18,,,,35.38,17.84,148.05691,42.5369,-42.5369,
17/02/2025,29,8,Cnidaria ,2,16,1.87,,Medusa ,,35.38,17.84,148.05691,42.5369,-42.5369,
17/02/2025,29,8,Podon sp.,1,8,0.94,,,,35.38,17.84,148.05691,42.5369,-42.5369,
17/02/2025,29,8,Oikopleura sp. ,38,304,35.6,,,,35.38,17.84,148.05691,42.5369,-42.5369,
17/02/2025,29,8,Cnidaria ,2,16,1.87,,Medusa ,,35.38,17.84,148.05691,42.5369,-42.5369,
17/02/2025,29,8,Podon sp.,1,8,0.94,,,,35.38,17.84,148.05691,42.5369,-42.5369,
17/02/2025,29,8,Oikopleura sp. ,38,304,35.6,,,,35.38,17.84,148.05691,42.5369,-42.5369,
17/02/2025,29,8,Gastropoda ,7,56,6.56,,shell ,,35.38,17.84,148.05691,42.5369,-42.5369,
17/02/2025,29,8,Unknown ,6,48,5.62,,"multiple types, copepod egg sac ?? ",,35.38,17.84,148.05691,42.5369,-42.5369,
17/02/2025,29,8,Larvae,1,8,0.94,,"starfish, photo: creamy white with yellow dots",,35.38,17.84,148.05691,42.5369,-42.5369,
17/02/2025,29,8,Cyclopodia ,4,32,3.75,,,,35.38,17.84,148.05691,42.5369,-42.5369,
17/02/2025,29,8,Noctiluca,1070,8560,1002.34,,,,35.38,17.84,148.05691,42.5369,-42.5369,
17/02/2025,30,16,Noctiluca,836,13376,2119.81,6.31,,,35.36,17.82,148.08357,42.55426,-42.55426,
17/02/2025,30,16,Penilia sp.,804,12864,2038.67,,,,35.36,17.82,148.08357,42.55426,-42.55426,
17/02/2025,30,16,Calanoida ,74,1184,187.64,,,,35.36,17.82,148.08357,42.55426,-42.55426,
17/02/2025,30,16,Fish eggs,11,176,27.89,,,,35.36,17.82,148.08357,42.55426,-42.55426,
17/02/2025,30,16,Evadne sp. ,73,1168,185.1,,,,35.36,17.82,148.08357,42.55426,-42.55426,
17/02/2025,30,16,Oikopleura sp. ,54,864,136.93,,,,35.36,17.82,148.08357,42.55426,-42.55426,
17/02/2025,30,16,Doliolid ,2,32,5.07,,,,35.36,17.82,148.08357,42.55426,-42.55426,
17/02/2025,30,16,Harpacticoida sp. ,2,32,5.07,,,,35.36,17.82,148.08357,42.55426,-42.55426,
17/02/2025,30,16,Larvae,1,16,2.54,,euphausiid ,,35.36,17.82,148.08357,42.55426,-42.55426,
17/02/2025,30,16,Cnidaria ,2,32,5.07,,Medusa ,,35.36,17.82,148.08357,42.55426,-42.55426,
17/02/2025,30,16,Nauplii ,3,48,7.61,,barnacle ,,35.36,17.82,148.08357,42.55426,-42.55426,
17/02/2025,30,16,Larvae,7,112,17.75,,polychaete ,,35.36,17.82,148.08357,42.55426,-42.55426,
17/02/2025,30,16,Chaetognath,10,160,25.36,,,,35.36,17.82,148.08357,42.55426,-42.55426,
17/02/2025,30,16,Larvae,1,16,2.54,,fish ,,35.36,17.82,148.08357,42.55426,-42.55426,
17/02/2025,31,16,Noctiluca,317,5072,852.44,5.95,,,35.4,17.74,148.56022,42.56022,-42.56022,
17/02/2025,31,16,Penilia sp.,596,9536,1602.69,,,,35.4,17.74,148.56022,42.56022,-42.56022,
17/02/2025,31,16,Evadne sp. ,38,608,102.18,,,,35.4,17.74,148.56022,42.56022,-42.56022,
17/02/2025,31,16,Oikopleura sp. ,60,960,161.34,,,,35.4,17.74,148.56022,42.56022,-42.56022,
17/02/2025,31,16,Calanoida ,72,1152,193.61,,,,35.4,17.74,148.56022,42.56022,-42.56022,
17/02/2025,31,16,Oncaea sp. ,5,80,13.45,,,,35.4,17.74,148.56022,42.56022,-42.56022,
17/02/2025,31,16,Gastropoda ,5,80,13.45,,,,35.4,17.74,148.56022,42.56022,-42.56022,
17/02/2025,31,16,Larvae,2,32,5.38,,ophiuroidea,,35.4,17.74,148.56022,42.56022,-42.56022,
17/02/2025,31,16,Other ,1,16,2.69,,salp ,,35.4,17.74,148.56022,42.56022,-42.56022,
17/02/2025,31,16,Doliolid ,3,48,8.07,,,,35.4,17.74,148.56022,42.56022,-42.56022,
17/02/2025,31,16,Cnidaria ,2,32,5.38,,,,35.4,17.74,148.56022,42.56022,-42.56022,
17/02/2025,31,16,Larvae,1,16,2.69,,starfish ,,35.4,17.74,148.56022,42.56022,-42.56022,
